glass_id,wavelength_um,transmission,thickness_mm,data_type,source_id,notes,reason
OHARA-L-LAH85,0.28,0.0,10.0,manufacturer,OHARA-AGF-2026-05-29,.agf IT record (thickness as listed).,"byte-identical duplicate sample (same glass, wavelength, thickness and value)"
OHARA-L-LAH85,0.29,0.0,10.0,manufacturer,OHARA-AGF-2026-05-29,.agf IT record (thickness as listed).,"byte-identical duplicate sample (same glass, wavelength, thickness and value)"
OHARA-L-LAH85,0.3,0.0,10.0,manufacturer,OHARA-AGF-2026-05-29,.agf IT record (thickness as listed).,"byte-identical duplicate sample (same glass, wavelength, thickness and value)"
OHARA-L-LAH85,0.31,0.0,10.0,manufacturer,OHARA-AGF-2026-05-29,.agf IT record (thickness as listed).,"byte-identical duplicate sample (same glass, wavelength, thickness and value)"
OHARA-L-LAH85,0.32,0.0,10.0,manufacturer,OHARA-AGF-2026-05-29,.agf IT record (thickness as listed).,"byte-identical duplicate sample (same glass, wavelength, thickness and value)"
OHARA-L-LAH85,0.6,0.999,10.0,manufacturer,OHARA-AGF-2026-05-29,.agf IT record (thickness as listed).,"byte-identical duplicate sample (same glass, wavelength, thickness and value)"
OHARA-L-LAH85,0.65,0.999,10.0,manufacturer,OHARA-AGF-2026-05-29,.agf IT record (thickness as listed).,"byte-identical duplicate sample (same glass, wavelength, thickness and value)"
OHARA-L-LAH85,0.7,0.999,10.0,manufacturer,OHARA-AGF-2026-05-29,.agf IT record (thickness as listed).,"byte-identical duplicate sample (same glass, wavelength, thickness and value)"
OHARA-L-LAH85,0.8,0.999,10.0,manufacturer,OHARA-AGF-2026-05-29,.agf IT record (thickness as listed).,"byte-identical duplicate sample (same glass, wavelength, thickness and value)"
OHARA-L-LAH85,0.9,0.999,10.0,manufacturer,OHARA-AGF-2026-05-29,.agf IT record (thickness as listed).,"byte-identical duplicate sample (same glass, wavelength, thickness and value)"
OHARA-L-LAH85,1.0,0.999,10.0,manufacturer,OHARA-AGF-2026-05-29,.agf IT record (thickness as listed).,"byte-identical duplicate sample (same glass, wavelength, thickness and value)"
OHARA-L-LAH85,1.2,0.999,10.0,manufacturer,OHARA-AGF-2026-05-29,.agf IT record (thickness as listed).,"byte-identical duplicate sample (same glass, wavelength, thickness and value)"
OHARA-L-LAH85,1.4,0.999,10.0,manufacturer,OHARA-AGF-2026-05-29,.agf IT record (thickness as listed).,"byte-identical duplicate sample (same glass, wavelength, thickness and value)"
OHARA-S-BAL11,1.8,0.988,10.0,manufacturer,OHARA-AGF-2026-05-29,.agf IT record (thickness as listed).,"byte-identical duplicate sample (same glass, wavelength, thickness and value)"
OHARA-S-BAL11,2.0,0.979,10.0,manufacturer,OHARA-AGF-2026-05-29,.agf IT record (thickness as listed).,"byte-identical duplicate sample (same glass, wavelength, thickness and value)"
OHARA-S-BAL11,2.2,0.929,10.0,manufacturer,OHARA-AGF-2026-05-29,.agf IT record (thickness as listed).,"byte-identical duplicate sample (same glass, wavelength, thickness and value)"
OHARA-S-BAL11,2.4,0.89,10.0,manufacturer,OHARA-AGF-2026-05-29,.agf IT record (thickness as listed).,"byte-identical duplicate sample (same glass, wavelength, thickness and value)"
OHARA-S-BAM3,1.8,0.981,10.0,manufacturer,OHARA-AGF-2026-05-29,.agf IT record (thickness as listed).,"byte-identical duplicate sample (same glass, wavelength, thickness and value)"
OHARA-S-BAM3,2.0,0.964,10.0,manufacturer,OHARA-AGF-2026-05-29,.agf IT record (thickness as listed).,"byte-identical duplicate sample (same glass, wavelength, thickness and value)"
OHARA-S-BAM3,2.2,0.911,10.0,manufacturer,OHARA-AGF-2026-05-29,.agf IT record (thickness as listed).,"byte-identical duplicate sample (same glass, wavelength, thickness and value)"
OHARA-S-BAM3,2.4,0.87,10.0,manufacturer,OHARA-AGF-2026-05-29,.agf IT record (thickness as listed).,"byte-identical duplicate sample (same glass, wavelength, thickness and value)"
OHARA-S-BSM22,1.8,0.99,10.0,manufacturer,OHARA-AGF-2026-05-29,.agf IT record (thickness as listed).,"byte-identical duplicate sample (same glass, wavelength, thickness and value)"
OHARA-S-BSM22,2.0,0.98,10.0,manufacturer,OHARA-AGF-2026-05-29,.agf IT record (thickness as listed).,"byte-identical duplicate sample (same glass, wavelength, thickness and value)"
OHARA-S-BSM22,2.2,0.938,10.0,manufacturer,OHARA-AGF-2026-05-29,.agf IT record (thickness as listed).,"byte-identical duplicate sample (same glass, wavelength, thickness and value)"
OHARA-S-BSM22,2.4,0.87,10.0,manufacturer,OHARA-AGF-2026-05-29,.agf IT record (thickness as listed).,"byte-identical duplicate sample (same glass, wavelength, thickness and value)"
OHARA-S-LAL13,1.8,0.981,10.0,manufacturer,OHARA-AGF-2026-05-29,.agf IT record (thickness as listed).,"byte-identical duplicate sample (same glass, wavelength, thickness and value)"
OHARA-S-LAL13,2.0,0.958,10.0,manufacturer,OHARA-AGF-2026-05-29,.agf IT record (thickness as listed).,"byte-identical duplicate sample (same glass, wavelength, thickness and value)"
OHARA-S-LAL13,2.2,0.88,10.0,manufacturer,OHARA-AGF-2026-05-29,.agf IT record (thickness as listed).,"byte-identical duplicate sample (same glass, wavelength, thickness and value)"
OHARA-S-LAL13,2.4,0.66,10.0,manufacturer,OHARA-AGF-2026-05-29,.agf IT record (thickness as listed).,"byte-identical duplicate sample (same glass, wavelength, thickness and value)"
OHARA-S-LAM2,1.8,0.988,10.0,manufacturer,OHARA-AGF-2026-05-29,.agf IT record (thickness as listed).,"byte-identical duplicate sample (same glass, wavelength, thickness and value)"
OHARA-S-LAM2,2.0,0.971,10.0,manufacturer,OHARA-AGF-2026-05-29,.agf IT record (thickness as listed).,"byte-identical duplicate sample (same glass, wavelength, thickness and value)"
OHARA-S-LAM2,2.2,0.928,10.0,manufacturer,OHARA-AGF-2026-05-29,.agf IT record (thickness as listed).,"byte-identical duplicate sample (same glass, wavelength, thickness and value)"
OHARA-S-LAM2,2.4,0.79,10.0,manufacturer,OHARA-AGF-2026-05-29,.agf IT record (thickness as listed).,"byte-identical duplicate sample (same glass, wavelength, thickness and value)"
OHARA-S-LAM52,1.8,0.99,10.0,manufacturer,OHARA-AGF-2026-05-29,.agf IT record (thickness as listed).,"byte-identical duplicate sample (same glass, wavelength, thickness and value)"
OHARA-S-LAM52,2.0,0.979,10.0,manufacturer,OHARA-AGF-2026-05-29,.agf IT record (thickness as listed).,"byte-identical duplicate sample (same glass, wavelength, thickness and value)"
OHARA-S-LAM52,2.2,0.947,10.0,manufacturer,OHARA-AGF-2026-05-29,.agf IT record (thickness as listed).,"byte-identical duplicate sample (same glass, wavelength, thickness and value)"
OHARA-S-LAM52,2.4,0.85,10.0,manufacturer,OHARA-AGF-2026-05-29,.agf IT record (thickness as listed).,"byte-identical duplicate sample (same glass, wavelength, thickness and value)"
OHARA-S-LAM61,1.8,0.991,10.0,manufacturer,OHARA-AGF-2026-05-29,.agf IT record (thickness as listed).,"byte-identical duplicate sample (same glass, wavelength, thickness and value)"
OHARA-S-LAM61,2.0,0.978,10.0,manufacturer,OHARA-AGF-2026-05-29,.agf IT record (thickness as listed).,"byte-identical duplicate sample (same glass, wavelength, thickness and value)"
OHARA-S-LAM61,2.2,0.942,10.0,manufacturer,OHARA-AGF-2026-05-29,.agf IT record (thickness as listed).,"byte-identical duplicate sample (same glass, wavelength, thickness and value)"
OHARA-S-LAM61,2.4,0.8,10.0,manufacturer,OHARA-AGF-2026-05-29,.agf IT record (thickness as listed).,"byte-identical duplicate sample (same glass, wavelength, thickness and value)"
OHARA-S-TIM39,1.8,0.983,10.0,manufacturer,OHARA-AGF-2026-05-29,.agf IT record (thickness as listed).,"byte-identical duplicate sample (same glass, wavelength, thickness and value)"
OHARA-S-TIM39,2.0,0.971,10.0,manufacturer,OHARA-AGF-2026-05-29,.agf IT record (thickness as listed).,"byte-identical duplicate sample (same glass, wavelength, thickness and value)"
OHARA-S-TIM39,2.2,0.937,10.0,manufacturer,OHARA-AGF-2026-05-29,.agf IT record (thickness as listed).,"byte-identical duplicate sample (same glass, wavelength, thickness and value)"
OHARA-S-TIM39,2.4,0.913,10.0,manufacturer,OHARA-AGF-2026-05-29,.agf IT record (thickness as listed).,"byte-identical duplicate sample (same glass, wavelength, thickness and value)"
OHARA-S-YGH51,1.8,0.984,10.0,manufacturer,OHARA-AGF-2026-05-29,.agf IT record (thickness as listed).,"byte-identical duplicate sample (same glass, wavelength, thickness and value)"
OHARA-S-YGH51,2.0,0.958,10.0,manufacturer,OHARA-AGF-2026-05-29,.agf IT record (thickness as listed).,"byte-identical duplicate sample (same glass, wavelength, thickness and value)"
OHARA-S-YGH51,2.2,0.88,10.0,manufacturer,OHARA-AGF-2026-05-29,.agf IT record (thickness as listed).,"byte-identical duplicate sample (same glass, wavelength, thickness and value)"
OHARA-S-YGH51,2.4,0.62,10.0,manufacturer,OHARA-AGF-2026-05-29,.agf IT record (thickness as listed).,"byte-identical duplicate sample (same glass, wavelength, thickness and value)"
NIKON-NIFS-V,0.37,0.999,1.0,manufacturer,NIKON-AGF-NZHAGEN-MIRROR,.agf IT record (thickness as listed).,"byte-identical duplicate sample (same glass, wavelength, thickness and value)"
NIKON-NIFS-A,0.37,0.999,1.0,manufacturer,NIKON-AGF-NZHAGEN-MIRROR,.agf IT record (thickness as listed).,"byte-identical duplicate sample (same glass, wavelength, thickness and value)"
NIKON-NIFS-U,0.37,0.999,1.0,manufacturer,NIKON-AGF-NZHAGEN-MIRROR,.agf IT record (thickness as listed).,"byte-identical duplicate sample (same glass, wavelength, thickness and value)"
NIKON-NIFS-S,0.37,0.999,1.0,manufacturer,NIKON-AGF-NZHAGEN-MIRROR,.agf IT record (thickness as listed).,"byte-identical duplicate sample (same glass, wavelength, thickness and value)"
NIKON-NICF-V,0.37,0.998,1.0,manufacturer,NIKON-AGF-NZHAGEN-MIRROR,.agf IT record (thickness as listed).,"byte-identical duplicate sample (same glass, wavelength, thickness and value)"
NIKON-NICF-A,0.37,0.998,1.0,manufacturer,NIKON-AGF-NZHAGEN-MIRROR,.agf IT record (thickness as listed).,"byte-identical duplicate sample (same glass, wavelength, thickness and value)"
NIKON-NICF-U,0.37,0.998,1.0,manufacturer,NIKON-AGF-NZHAGEN-MIRROR,.agf IT record (thickness as listed).,"byte-identical duplicate sample (same glass, wavelength, thickness and value)"
RPO-VC78_MOLD,1.06,0.998,10.0,manufacturer,RPO-AGF-NZHAGEN-MIRROR,.agf IT record (thickness as listed).,"byte-identical duplicate sample (same glass, wavelength, thickness and value)"
